{
  "name": "messenger",
  "repo": "HubSpot/messenger",
  "description": "Client-side growl-like notifications with actions and auto-retry.",
  "version": "1.4.1",
  "homepage": "http://github.hubspot.com/messenger",
  "license": "MIT",
  "authors": [
    "Zack Bloom <zackbloom@gmail.com>",
    "Adam Schwartz <adam.flynn.schwartz@gmail.com>"
  ],
  "keywords": [
    "client-side",
    "notification",
    "toast",
    "ajax"
  ],
  "scripts": [
    "build/js/messenger.js",
    "build/js/messenger-theme-future.js",
    "build/js/messenger-theme-flat.js"
  ],
  "styles": [
    "build/css/messenger.css",
    "build/css/messenger-theme-future.css",
    "build/css/messenger-theme-flat.css",
    "build/css/messenger-theme-block.css",
    "build/css/messenger-theme-air.css",
    "build/css/messenger-theme-ice.css"
  ],
  "dependencies": {
    "component/jquery": "*"
  }
}
